"","test","nsim","b","se","tval","pval"
"1","2SLS",1000,1.96421797264407e-05,0.000180096899566102,0.109064507905265,0.913173228104238
"2","IVW",1000,0.000423653137050477,0.00313256865590488,0.135241453128854,0.892448217181239
"3","MR Egger",1000,-0.0183128507511764,0.0144353396446132,-1.2686123916738,0.204874866539047
"4","Obs assoc",1000,0.000300859851232034,8.27961254752282e-05,3.63374311907927,0.000293561828498599
